5E-CF-7F-01-85-56,5ECF7F018556,5C-CF-7F-01-85-56,5CCF7F018556
5E-CF-7F-01-85-56,5ECF7F018556,5C-CF-7F-01-85-56,5CCF7F018556
5E-CF-7F-00-D2-2D,5ECF7F00D22D,5C-CF-7F-00-D2-2D,5CCF7F00D22D
5E-CF-7F-00-D2-2D,5ECF7F00D22D,5C-CF-7F-00-D2-2D,5CCF7F00D22D
5E-CF-7F-00-D2-2D,5ECF7F00D22D,5C-CF-7F-00-D2-2D,5CCF7F00D22D
1A-FE-34-DA-7B-BE,1AFE34DA7BBE,18-FE-34-DA-7B-BE,18FE34DA7BBE
1A-FE-34-DA-7B-BE,1AFE34DA7BBE,18-FE-34-DA-7B-BE,18FE34DA7BBE
5E-CF-7F-C1-28-75,5ECF7FC12875,5C-CF-7F-C1-28-75,5CCF7FC12875
5E-CF-7F-C1-28-75,5ECF7FC12875,5C-CF-7F-C1-28-75,5CCF7FC12875
5E-CF-7F-C1-28-75,5ECF7FC12875,5C-CF-7F-C1-28-75,5CCF7FC12875
5E-CF-7F-C1-28-75,5ECF7FC12875,5C-CF-7F-C1-28-75,5CCF7FC12875
5E-CF-7F-C1-28-75,5ECF7FC12875,5C-CF-7F-C1-28-75,5CCF7FC12875
5E-CF-7F-C1-28-75,5ECF7FC12875,5C-CF-7F-C1-28-75,5CCF7FC12875
5E-CF-7F-C1-28-75,5ECF7FC12875,5C-CF-7F-C1-28-75,5CCF7FC12875
5E-CF-7F-C1-28-75,5ECF7FC12875,5C-CF-7F-C1-28-75,5CCF7FC12875
5E-CF-7F-C1-28-75,5ECF7FC12875,5C-CF-7F-C1-28-75,5CCF7FC12875
5E-CF-7F-C1-28-75,5ECF7FC12875,5C-CF-7F-C1-28-75,5CCF7FC12875
5E-CF-7F-C1-28-75,5ECF7FC12875,5C-CF-7F-C1-28-75,5CCF7FC12875
5E-CF-7F-C1-28-75,5ECF7FC12875,5C-CF-7F-C1-28-75,5CCF7FC12875
5E-CF-7F-C1-28-75,5ECF7FC12875,5C-CF-7F-C1-28-75,5CCF7FC12875
5E-CF-7F-C1-28-75,5ECF7FC12875,5C-CF-7F-C1-28-75,5CCF7FC12875
5E-CF-7F-C1-28-75,5ECF7FC12875,5C-CF-7F-C1-28-75,5CCF7FC12875
5E-CF-7F-C1-28-75,5ECF7FC12875,5C-CF-7F-C1-28-75,5CCF7FC12875
5E-CF-7F-C1-28-75,5ECF7FC12875,5C-CF-7F-C1-28-75,5CCF7FC12875
5E-CF-7F-C1-28-75,5ECF7FC12875,5C-CF-7F-C1-28-75,5CCF7FC12875
